position,team,playedGames,won,draw,lost,points,goalsFor,goalsAgainst,goalDifference,table_type,l_id,crestUrl,shortName
1,Liverpool FC,10,8,2,0,26,20,4,16,TOTAL,PL,http://upload.wikimedia.org/wikipedia/de/0/0a/FC_Liverpool.svg,Liverpool
2,Chelsea FC,10,7,3,0,24,24,7,17,TOTAL,PL,http://upload.wikimedia.org/wikipedia/de/5/5c/Chelsea_crest.svg,Chelsea
3,Manchester City FC,9,7,2,0,23,26,3,23,TOTAL,PL,https://upload.wikimedia.org/wikipedia/en/e/eb/Manchester_City_FC_badge.svg,Man City
4,Arsenal FC,10,7,1,2,22,24,13,11,TOTAL,PL,http://upload.wikimedia.org/wikipedia/en/5/53/Arsenal_FC.svg,Arsenal
5,Tottenham Hotspur FC,9,7,0,2,21,16,7,9,TOTAL,PL,http://upload.wikimedia.org/wikipedia/de/b/b4/Tottenham_Hotspur.svg,Tottenham
6,AFC Bournemouth,10,6,2,2,20,19,12,7,TOTAL,PL,https://upload.wikimedia.org/wikipedia/de/4/41/Afc_bournemouth.svg,Bournemouth
7,Watford FC,10,6,1,3,19,16,12,4,TOTAL,PL,https://upload.wikimedia.org/wikipedia/en/e/e2/Watford.svg,Watford
8,Manchester United FC,10,5,2,3,17,17,17,0,TOTAL,PL,http://upload.wikimedia.org/wikipedia/de/d/da/Manchester_United_FC.svg,Man United
9,Everton FC,10,4,3,3,15,16,14,2,TOTAL,PL,http://upload.wikimedia.org/wikipedia/de/f/f9/Everton_FC.svg,Everton
10,Wolverhampton Wanderers FC,10,4,3,3,15,9,9,0,TOTAL,PL,https://upload.wikimedia.org/wikipedia/en/f/fc/Wolverhampton_Wanderers.svg,Wolverhampton
11,Brighton & Hove Albion FC,10,4,2,4,14,11,13,-2,TOTAL,PL,https://upload.wikimedia.org/wikipedia/en/f/fd/Brighton_%26_Hove_Albion_logo.svg,Brighton Hove
12,Leicester City FC,10,4,1,5,13,16,16,0,TOTAL,PL,http://upload.wikimedia.org/wikipedia/en/6/63/Leicester02.png,Leicester City
13,West Ham United FC,10,2,2,6,8,9,15,-6,TOTAL,PL,http://upload.wikimedia.org/wikipedia/de/e/e0/West_Ham_United_FC.svg,West Ham
14,Crystal Palace FC,10,2,2,6,8,7,13,-6,TOTAL,PL,http://upload.wikimedia.org/wikipedia/de/b/bf/Crystal_Palace_F.C._logo_%282013%29.png,Crystal Palace
15,Burnley FC,10,2,2,6,8,10,21,-11,TOTAL,PL,https://upload.wikimedia.org/wikipedia/en/0/02/Burnley_FC_badge.png,Burnley
16,Southampton FC,10,1,4,5,7,6,14,-8,TOTAL,PL,http://upload.wikimedia.org/wikipedia/de/c/c9/FC_Southampton.svg,Southampton
17,Cardiff City FC,10,1,2,7,5,9,23,-14,TOTAL,PL,https://upload.wikimedia.org/wikipedia/en/3/3c/Cardiff_City_crest.svg,Cardiff
18,Fulham FC,10,1,2,7,5,11,28,-17,TOTAL,PL,http://upload.wikimedia.org/wikipedia/de/a/a8/Fulham_fc.svg,Fulham
19,Newcastle United FC,10,0,3,7,3,6,14,-8,TOTAL,PL,http://upload.wikimedia.org/wikipedia/de/5/56/Newcastle_United_Logo.svg,Newcastle
20,Huddersfield Town AFC,10,0,3,7,3,4,21,-17,TOTAL,PL,https://upload.wikimedia.org/wikipedia/en/5/5a/Huddersfield_Town_A.F.C._logo.svg,Huddersfield
1,Manchester City FC,5,5,0,0,15,18,2,16,HOME,PL,https://upload.wikimedia.org/wikipedia/en/e/eb/Manchester_City_FC_badge.svg,Man City
2,Liverpool FC,5,4,1,0,13,12,1,11,HOME,PL,http://upload.wikimedia.org/wikipedia/de/0/0a/FC_Liverpool.svg,Liverpool
3,Arsenal FC,5,4,0,1,12,10,4,6,HOME,PL,http://upload.wikimedia.org/wikipedia/en/5/53/Arsenal_FC.svg,Arsenal
4,Watford FC,6,4,0,2,12,10,8,2,HOME,PL,https://upload.wikimedia.org/wikipedia/en/e/e2/Watford.svg,Watford
5,Chelsea FC,5,3,2,0,11,12,6,6,HOME,PL,http://upload.wikimedia.org/wikipedia/de/5/5c/Chelsea_crest.svg,Chelsea
6,AFC Bournemouth,5,3,2,0,11,10,5,5,HOME,PL,https://upload.wikimedia.org/wikipedia/de/4/41/Afc_bournemouth.svg,Bournemouth
7,Everton FC,5,3,1,1,10,9,5,4,HOME,PL,http://upload.wikimedia.org/wikipedia/de/f/f9/Everton_FC.svg,Everton
8,Brighton & Hove Albion FC,5,3,1,1,10,8,6,2,HOME,PL,https://upload.wikimedia.org/wikipedia/en/f/fd/Brighton_%26_Hove_Albion_logo.svg,Brighton Hove
9,Manchester United FC,5,3,1,1,10,8,8,0,HOME,PL,http://upload.wikimedia.org/wikipedia/de/d/da/Manchester_United_FC.svg,Man United
10,Wolverhampton Wanderers FC,5,2,2,1,8,6,5,1,HOME,PL,https://upload.wikimedia.org/wikipedia/en/f/fc/Wolverhampton_Wanderers.svg,Wolverhampton
11,Leicester City FC,5,2,1,2,7,8,6,2,HOME,PL,http://upload.wikimedia.org/wikipedia/en/6/63/Leicester02.png,Leicester City
12,Tottenham Hotspur FC,3,2,0,1,6,5,3,2,HOME,PL,http://upload.wikimedia.org/wikipedia/de/b/b4/Tottenham_Hotspur.svg,Tottenham
13,West Ham United FC,5,1,1,3,4,4,5,-1,HOME,PL,http://upload.wikimedia.org/wikipedia/de/e/e0/West_Ham_United_FC.svg,West Ham
14,Burnley FC,5,1,1,3,4,6,10,-4,HOME,PL,https://upload.wikimedia.org/wikipedia/en/0/02/Burnley_FC_badge.png,Burnley
15,Cardiff City FC,5,1,1,3,4,7,12,-5,HOME,PL,https://upload.wikimedia.org/wikipedia/en/3/3c/Cardiff_City_crest.svg,Cardiff
16,Fulham FC,5,1,1,3,4,6,13,-7,HOME,PL,http://upload.wikimedia.org/wikipedia/de/a/a8/Fulham_fc.svg,Fulham
17,Southampton FC,5,0,3,2,3,3,7,-4,HOME,PL,http://upload.wikimedia.org/wikipedia/de/c/c9/FC_Southampton.svg,Southampton
18,Crystal Palace FC,5,0,2,3,2,2,7,-5,HOME,PL,http://upload.wikimedia.org/wikipedia/de/b/bf/Crystal_Palace_F.C._logo_%282013%29.png,Crystal Palace
19,Huddersfield Town AFC,5,0,1,4,1,0,7,-7,HOME,PL,https://upload.wikimedia.org/wikipedia/en/5/5a/Huddersfield_Town_A.F.C._logo.svg,Huddersfield
20,Newcastle United FC,5,0,0,5,0,3,9,-6,HOME,PL,http://upload.wikimedia.org/wikipedia/de/5/56/Newcastle_United_Logo.svg,Newcastle
1,Tottenham Hotspur FC,6,5,0,1,15,11,4,7,AWAY,PL,http://upload.wikimedia.org/wikipedia/de/b/b4/Tottenham_Hotspur.svg,Tottenham
2,Chelsea FC,5,4,1,0,13,12,1,11,AWAY,PL,http://upload.wikimedia.org/wikipedia/de/5/5c/Chelsea_crest.svg,Chelsea
3,Liverpool FC,5,4,1,0,13,8,3,5,AWAY,PL,http://upload.wikimedia.org/wikipedia/de/0/0a/FC_Liverpool.svg,Liverpool
4,Arsenal FC,5,3,1,1,10,14,9,5,AWAY,PL,http://upload.wikimedia.org/wikipedia/en/5/53/Arsenal_FC.svg,Arsenal
5,AFC Bournemouth,5,3,0,2,9,9,7,2,AWAY,PL,https://upload.wikimedia.org/wikipedia/de/4/41/Afc_bournemouth.svg,Bournemouth
6,Manchester City FC,4,2,2,0,8,8,1,7,AWAY,PL,https://upload.wikimedia.org/wikipedia/en/e/eb/Manchester_City_FC_badge.svg,Man City
7,Watford FC,4,2,1,1,7,6,4,2,AWAY,PL,https://upload.wikimedia.org/wikipedia/en/e/e2/Watford.svg,Watford
8,Manchester United FC,5,2,1,2,7,9,9,0,AWAY,PL,http://upload.wikimedia.org/wikipedia/de/d/da/Manchester_United_FC.svg,Man United
9,Wolverhampton Wanderers FC,5,2,1,2,7,3,4,-1,AWAY,PL,https://upload.wikimedia.org/wikipedia/en/f/fc/Wolverhampton_Wanderers.svg,Wolverhampton
10,Crystal Palace FC,5,2,0,3,6,5,6,-1,AWAY,PL,http://upload.wikimedia.org/wikipedia/de/b/bf/Crystal_Palace_F.C._logo_%282013%29.png,Crystal Palace
11,Leicester City FC,5,2,0,3,6,8,10,-2,AWAY,PL,http://upload.wikimedia.org/wikipedia/en/6/63/Leicester02.png,Leicester City
12,Everton FC,5,1,2,2,5,7,9,-2,AWAY,PL,http://upload.wikimedia.org/wikipedia/de/f/f9/Everton_FC.svg,Everton
13,Southampton FC,5,1,1,3,4,3,7,-4,AWAY,PL,http://upload.wikimedia.org/wikipedia/de/c/c9/FC_Southampton.svg,Southampton
14,Brighton & Hove Albion FC,5,1,1,3,4,3,7,-4,AWAY,PL,https://upload.wikimedia.org/wikipedia/en/f/fd/Brighton_%26_Hove_Albion_logo.svg,Brighton Hove
15,West Ham United FC,5,1,1,3,4,5,10,-5,AWAY,PL,http://upload.wikimedia.org/wikipedia/de/e/e0/West_Ham_United_FC.svg,West Ham
16,Burnley FC,5,1,1,3,4,4,11,-7,AWAY,PL,https://upload.wikimedia.org/wikipedia/en/0/02/Burnley_FC_badge.png,Burnley
17,Newcastle United FC,5,0,3,2,3,3,5,-2,AWAY,PL,http://upload.wikimedia.org/wikipedia/de/5/56/Newcastle_United_Logo.svg,Newcastle
18,Huddersfield Town AFC,5,0,2,3,2,4,14,-10,AWAY,PL,https://upload.wikimedia.org/wikipedia/en/5/5a/Huddersfield_Town_A.F.C._logo.svg,Huddersfield
19,Cardiff City FC,5,0,1,4,1,2,11,-9,AWAY,PL,https://upload.wikimedia.org/wikipedia/en/3/3c/Cardiff_City_crest.svg,Cardiff
20,Fulham FC,5,0,1,4,1,5,15,-10,AWAY,PL,http://upload.wikimedia.org/wikipedia/de/a/a8/Fulham_fc.svg,Fulham
1,BV Borussia 09 Dortmund,9,6,3,0,21,29,10,19,TOTAL,BL1,http://upload.wikimedia.org/wikipedia/commons/6/67/Borussia_Dortmund_logo.svg,Dortmund
2,FC Bayern München,9,6,1,2,19,17,10,7,TOTAL,BL1,https://upload.wikimedia.org/wikipedia/commons/1/1b/FC_Bayern_M%C3%BCnchen_logo_%282017%29.svg,Bayern M
3,Borussia Mönchengladbach,9,5,2,2,17,20,12,8,TOTAL,BL1,https://upload.wikimedia.org/wikipedia/commons/8/81/Borussia_M%C3%B6nchengladbach_logo.svg,M'gladbach
4,SV Werder Bremen,9,5,2,2,17,17,14,3,TOTAL,BL1,http://upload.wikimedia.org/wikipedia/commons/b/be/SV-Werder-Bremen-Logo.svg,Bremen
5,RB Leipzig,9,4,4,1,16,16,9,7,TOTAL,BL1,https://upload.wikimedia.org/wikipedia/en/0/04/RB_Leipzig_2014_logo.svg,RB Leipzig
6,Hertha BSC,9,4,4,1,16,15,10,5,TOTAL,BL1,https://upload.wikimedia.org/wikipedia/commons/8/81/Hertha_BSC_Logo_2012.svg,Hertha BSC
7,Eintracht Frankfurt,9,4,2,3,14,20,13,7,TOTAL,BL1,http://upload.wikimedia.org/wikipedia/commons/0/04/Eintracht_Frankfurt_Logo.svg,Frankfurt
8,TSG 1899 Hoffenheim,9,4,1,4,13,18,13,5,TOTAL,BL1,https://upload.wikimedia.org/wikipedia/commons/e/e7/Logo_TSG_Hoffenheim.svg,Hoffenheim
9,FC Augsburg,9,3,3,3,12,16,14,2,TOTAL,BL1,http://upload.wikimedia.org/wikipedia/de/b/b5/Logo_FC_Augsburg.svg,Augsburg
10,VfL Wolfsburg,9,3,3,3,12,14,14,0,TOTAL,BL1,https://upload.wikimedia.org/wikipedia/commons/f/f3/Logo-VfL-Wolfsburg.svg,Wolfsburg
11,SC Freiburg,9,3,3,3,12,13,15,-2,TOTAL,BL1,http://upload.wikimedia.org/wikipedia/de/f/f1/SC-Freiburg_Logo-neu.svg,Freiburg
12,Bayer 04 Leverkusen,9,3,2,4,11,15,17,-2,TOTAL,BL1,https://upload.wikimedia.org/wikipedia/en/5/59/Bayer_04_Leverkusen_logo.svg,Leverkusen
13,1. FSV Mainz 05,9,2,3,4,9,5,10,-5,TOTAL,BL1,https://upload.wikimedia.org/wikipedia/commons/9/9e/Logo_Mainz_05.svg,Mainz
14,1. FC Nürnberg,9,2,3,4,9,9,20,-11,TOTAL,BL1,http://upload.wikimedia.org/wikipedia/commons/f/fa/1._FC_N%C3%BCrnberg_logo.svg,Nürnberg
15,FC Schalke 04,9,2,1,6,7,5,11,-6,TOTAL,BL1,https://upload.wikimedia.org/wikipedia/commons/6/6d/FC_Schalke_04_Logo.svg,Schalke
16,Hannover 96,9,1,3,5,6,11,18,-7,TOTAL,BL1,https://upload.wikimedia.org/wikipedia/commons/c/cd/Hannover_96_Logo.svg,Hannover
17,VfB Stuttgart,9,1,2,6,5,6,21,-15,TOTAL,BL1,http://upload.wikimedia.org/wikipedia/commons/a/ab/VfB_Stuttgart_Logo.svg,Stuttgart
18,TSV Fortuna 95 Düsseldorf,9,1,2,6,5,6,21,-15,TOTAL,BL1,http://upload.wikimedia.org/wikipedia/commons/9/94/Fortuna_D%C3%BCsseldorf.svg,Düsseldorf
1,BV Borussia 09 Dortmund,5,4,1,0,13,20,7,13,HOME,BL1,http://upload.wikimedia.org/wikipedia/commons/6/67/Borussia_Dortmund_logo.svg,Dortmund
2,Borussia Mönchengladbach,4,4,0,0,12,11,2,9,HOME,BL1,https://upload.wikimedia.org/wikipedia/commons/8/81/Borussia_M%C3%B6nchengladbach_logo.svg,M'gladbach
3,RB Leipzig,5,3,2,0,11,12,3,9,HOME,BL1,https://upload.wikimedia.org/wikipedia/en/0/04/RB_Leipzig_2014_logo.svg,RB Leipzig
4,Hertha BSC,4,3,1,0,10,8,3,5,HOME,BL1,https://upload.wikimedia.org/wikipedia/commons/8/81/Hertha_BSC_Logo_2012.svg,Hertha BSC
5,1. FC Nürnberg,5,2,2,1,8,8,5,3,HOME,BL1,http://upload.wikimedia.org/wikipedia/commons/f/fa/1._FC_N%C3%BCrnberg_logo.svg,Nürnberg
6,SC Freiburg,5,2,2,1,8,7,6,1,HOME,BL1,http://upload.wikimedia.org/wikipedia/de/f/f1/SC-Freiburg_Logo-neu.svg,Freiburg
7,1. FSV Mainz 05,5,2,2,1,8,4,3,1,HOME,BL1,https://upload.wikimedia.org/wikipedia/commons/9/9e/Logo_Mainz_05.svg,Mainz
8,SV Werder Bremen,5,2,2,1,8,9,9,0,HOME,BL1,http://upload.wikimedia.org/wikipedia/commons/b/be/SV-Werder-Bremen-Logo.svg,Bremen
9,Eintracht Frankfurt,4,2,1,1,7,13,5,8,HOME,BL1,http://upload.wikimedia.org/wikipedia/commons/0/04/Eintracht_Frankfurt_Logo.svg,Frankfurt
10,TSG 1899 Hoffenheim,5,2,1,2,7,10,6,4,HOME,BL1,https://upload.wikimedia.org/wikipedia/commons/e/e7/Logo_TSG_Hoffenheim.svg,Hoffenheim
11,FC Bayern München,4,2,1,1,7,7,6,1,HOME,BL1,https://upload.wikimedia.org/wikipedia/commons/1/1b/FC_Bayern_M%C3%BCnchen_logo_%282017%29.svg,Bayern M
12,FC Augsburg,4,1,2,1,5,7,5,2,HOME,BL1,http://upload.wikimedia.org/wikipedia/de/b/b5/Logo_FC_Augsburg.svg,Augsburg
13,VfL Wolfsburg,5,1,2,2,5,8,11,-3,HOME,BL1,https://upload.wikimedia.org/wikipedia/commons/f/f3/Logo-VfL-Wolfsburg.svg,Wolfsburg
14,Hannover 96,4,1,1,2,4,5,6,-1,HOME,BL1,https://upload.wikimedia.org/wikipedia/commons/c/cd/Hannover_96_Logo.svg,Hannover
15,Bayer 04 Leverkusen,4,1,1,2,4,6,9,-3,HOME,BL1,https://upload.wikimedia.org/wikipedia/en/5/59/Bayer_04_Leverkusen_logo.svg,Leverkusen
16,VfB Stuttgart,4,1,1,2,4,2,8,-6,HOME,BL1,http://upload.wikimedia.org/wikipedia/commons/a/ab/VfB_Stuttgart_Logo.svg,Stuttgart
17,FC Schalke 04,4,1,0,3,3,1,6,-5,HOME,BL1,https://upload.wikimedia.org/wikipedia/commons/6/6d/FC_Schalke_04_Logo.svg,Schalke
18,TSV Fortuna 95 Düsseldorf,5,1,0,4,3,4,10,-6,HOME,BL1,http://upload.wikimedia.org/wikipedia/commons/9/94/Fortuna_D%C3%BCsseldorf.svg,Düsseldorf
1,FC Bayern München,5,4,0,1,12,10,4,6,AWAY,BL1,https://upload.wikimedia.org/wikipedia/commons/1/1b/FC_Bayern_M%C3%BCnchen_logo_%282017%29.svg,Bayern M
2,SV Werder Bremen,4,3,0,1,9,8,5,3,AWAY,BL1,http://upload.wikimedia.org/wikipedia/commons/b/be/SV-Werder-Bremen-Logo.svg,Bremen
3,BV Borussia 09 Dortmund,4,2,2,0,8,9,3,6,AWAY,BL1,http://upload.wikimedia.org/wikipedia/commons/6/67/Borussia_Dortmund_logo.svg,Dortmund
4,VfL Wolfsburg,4,2,1,1,7,6,3,3,AWAY,BL1,https://upload.wikimedia.org/wikipedia/commons/f/f3/Logo-VfL-Wolfsburg.svg,Wolfsburg
5,Bayer 04 Leverkusen,5,2,1,2,7,9,8,1,AWAY,BL1,https://upload.wikimedia.org/wikipedia/en/5/59/Bayer_04_Leverkusen_logo.svg,Leverkusen
6,FC Augsburg,5,2,1,2,7,9,9,0,AWAY,BL1,http://upload.wikimedia.org/wikipedia/de/b/b5/Logo_FC_Augsburg.svg,Augsburg
7,Eintracht Frankfurt,5,2,1,2,7,7,8,-1,AWAY,BL1,http://upload.wikimedia.org/wikipedia/commons/0/04/Eintracht_Frankfurt_Logo.svg,Frankfurt
8,TSG 1899 Hoffenheim,4,2,0,2,6,8,7,1,AWAY,BL1,https://upload.wikimedia.org/wikipedia/commons/e/e7/Logo_TSG_Hoffenheim.svg,Hoffenheim
9,Hertha BSC,5,1,3,1,6,7,7,0,AWAY,BL1,https://upload.wikimedia.org/wikipedia/commons/8/81/Hertha_BSC_Logo_2012.svg,Hertha BSC
10,Borussia Mönchengladbach,5,1,2,2,5,9,10,-1,AWAY,BL1,https://upload.wikimedia.org/wikipedia/commons/8/81/Borussia_M%C3%B6nchengladbach_logo.svg,M'gladbach
11,RB Leipzig,4,1,2,1,5,4,6,-2,AWAY,BL1,https://upload.wikimedia.org/wikipedia/en/0/04/RB_Leipzig_2014_logo.svg,RB Leipzig
12,FC Schalke 04,5,1,1,3,4,4,5,-1,AWAY,BL1,https://upload.wikimedia.org/wikipedia/commons/6/6d/FC_Schalke_04_Logo.svg,Schalke
13,SC Freiburg,4,1,1,2,4,6,9,-3,AWAY,BL1,http://upload.wikimedia.org/wikipedia/de/f/f1/SC-Freiburg_Logo-neu.svg,Freiburg
14,Hannover 96,5,0,2,3,2,6,12,-6,AWAY,BL1,https://upload.wikimedia.org/wikipedia/commons/c/cd/Hannover_96_Logo.svg,Hannover
15,TSV Fortuna 95 Düsseldorf,4,0,2,2,2,2,11,-9,AWAY,BL1,http://upload.wikimedia.org/wikipedia/commons/9/94/Fortuna_D%C3%BCsseldorf.svg,Düsseldorf
16,1. FSV Mainz 05,4,0,1,3,1,1,7,-6,AWAY,BL1,https://upload.wikimedia.org/wikipedia/commons/9/9e/Logo_Mainz_05.svg,Mainz
17,VfB Stuttgart,5,0,1,4,1,4,13,-9,AWAY,BL1,http://upload.wikimedia.org/wikipedia/commons/a/ab/VfB_Stuttgart_Logo.svg,Stuttgart
18,1. FC Nürnberg,4,0,1,3,1,1,15,-14,AWAY,BL1,http://upload.wikimedia.org/wikipedia/commons/f/fa/1._FC_N%C3%BCrnberg_logo.svg,Nürnberg
1,Paris Saint-Germain FC,11,11,0,0,33,39,6,33,TOTAL,FL1,https://upload.wikimedia.org/wikipedia/fr/thumb/8/86/Paris_Saint-Germain_Logo.svg/130px-Paris_Saint-Germain_Logo.svg,PSG
2,Lille OSC,11,8,1,2,25,20,8,12,TOTAL,FL1,https://upload.wikimedia.org/wikipedia/fr/thumb/6/62/Logo_LOSC_Lille_2018.svg/130px-Logo_LOSC_Lille_2018.svg,Lille OSC
3,Montpellier HSC,11,6,4,1,22,17,7,10,TOTAL,FL1,https://upload.wikimedia.org/wikipedia/commons/thumb/9/99/Montpellier_H%C3%A9rault_Sport_Club_%28logo%2C_2000%29.svg/130px-Montpellier_H%C3%A9rault_Sport_Club_%28logo%2C_2000%29.svg,Montpellier
4,Olympique Lyonnais,11,6,2,3,20,18,13,5,TOTAL,FL1,https://upload.wikimedia.org/wikipedia/fr/thumb/e/e2/Olympique_lyonnais_%28logo%29.svg/130px-Olympique_lyonnais_%28logo%29.svg,Olympique Lyon
5,Olympique de Marseille,11,6,1,4,19,22,18,4,TOTAL,FL1,https://upload.wikimedia.org/wikipedia/fr/thumb/4/43/Logo_Olympique_de_Marseille.svg/130px-Logo_Olympique_de_Marseille.svg.png,Marseille
6,AS Saint-Étienne,11,4,5,2,17,13,14,-1,TOTAL,FL1,https://upload.wikimedia.org/wikipedia/commons/thumb/2/2c/Logo_AS_Saint-%C3%89tienne.svg/130px-Logo_AS_Saint-%C3%89tienne.svg.png,Saint-Étienne
7,RC Strasbourg Alsace,11,4,4,3,16,19,15,4,TOTAL,FL1,https://upload.wikimedia.org/wikipedia/fr/thumb/1/1a/Racing_Club_de_Strasbourg_Alsace_%28RCSA%29_logo.svg/130px-Racing_Club_de_Strasbourg_Alsace_%28RCSA%29_logo.svg,RC Strasbourg
8,FC Girondins de Bordeaux,11,4,2,5,14,13,14,-1,TOTAL,FL1,https://upload.wikimedia.org/wikipedia/fr/thumb/7/76/Logo_des_Girondins_de_Bordeaux.svg/130px-Logo_des_Girondins_de_Bordeaux.svg,Bordeaux
9,Stade de Reims,11,3,5,3,14,7,10,-3,TOTAL,FL1,https://upload.wikimedia.org/wikipedia/fr/thumb/0/0e/Stade_Reims_1999.svg/130px-Stade_Reims_1999.svg,Stade de Reims
10,OGC de Nice Côte d'Azur,11,4,2,5,14,8,14,-6,TOTAL,FL1,https://upload.wikimedia.org/wikipedia/fr/thumb/b/b1/Logo_OGC_Nice_2013.svg/130px-Logo_OGC_Nice_2013.svg,OGC Nice
11,Toulouse FC,11,3,4,4,13,10,19,-9,TOTAL,FL1,https://upload.wikimedia.org/wikipedia/fr/thumb/8/8b/Logo_Toulouse_FC_2018.svg/600px-Logo_Toulouse_FC_2018.svg,Toulouse FC
12,Angers SCO,11,3,3,5,12,13,15,-2,TOTAL,FL1,https://upload.wikimedia.org/wikipedia/fr/thumb/3/34/Logo_SCO_Angers.svg/130px-Logo_SCO_Angers.svg,Angers SCO
13,FC Nantes,11,3,3,5,12,14,17,-3,TOTAL,FL1,https://upload.wikimedia.org/wikipedia/fr/thumb/2/21/Logo_FC_Nantes_2008.svg/130px-Logo_FC_Nantes_2008.svg,FC Nantes
14,Stade Rennais FC 1901,11,3,3,5,12,13,17,-4,TOTAL,FL1,https://upload.wikimedia.org/wikipedia/fr/thumb/e/e9/Logo_Stade_Rennais_FC.svg/130px-Logo_Stade_Rennais_FC.svg,Stade Rennes
15,SM Caen,11,2,5,4,11,10,14,-4,TOTAL,FL1,https://upload.wikimedia.org/wikipedia/fr/thumb/7/79/Logo_SM_Caen_2016.svg/130px-Logo_SM_Caen_2016.svg,SM Caen
16,Nîmes Olympique,11,2,5,4,11,14,19,-5,TOTAL,FL1,https://upload.wikimedia.org/wikipedia/fr/thumb/f/f0/N%C3%AEmes_Olympique_logo_2018.svg/130px-N%C3%AEmes_Olympique_logo_2018.svg,Nîmes Ol.
17,Dijon Football Côte d'Or,11,3,2,6,11,12,17,-5,TOTAL,FL1,https://upload.wikimedia.org/wikipedia/fr/thumb/c/c9/LogoDFCO.svg/130px-LogoDFCO.svg,Dijon FCO
18,Amiens SC,11,3,1,7,10,12,20,-8,TOTAL,FL1,https://upload.wikimedia.org/wikipedia/fr/thumb/e/ec/Logo_Amiens_SC_1998.svg/130px-Logo_Amiens_SC_1998.svg,Amiens SC
19,AS Monaco FC,11,1,4,6,7,12,17,-5,TOTAL,FL1,https://upload.wikimedia.org/wikipedia/fr/thumb/b/ba/AS_Monaco_FC.svg/130px-AS_Monaco_FC.svg,AS Monaco
20,En Avant Guingamp,11,1,4,6,7,7,19,-12,TOTAL,FL1,https://upload.wikimedia.org/wikipedia/fr/thumb/9/99/En_Avant_de_Guingamp_logo.svg/130px-En_Avant_de_Guingamp_logo.svg,EA Guingamp
1,Paris Saint-Germain FC,6,6,0,0,18,24,2,22,HOME,FL1,https://upload.wikimedia.org/wikipedia/fr/thumb/8/86/Paris_Saint-Germain_Logo.svg/130px-Paris_Saint-Germain_Logo.svg,PSG
2,Lille OSC,6,6,0,0,18,15,3,12,HOME,FL1,https://upload.wikimedia.org/wikipedia/fr/thumb/6/62/Logo_LOSC_Lille_2018.svg/130px-Logo_LOSC_Lille_2018.svg,Lille OSC
3,Olympique de Marseille,6,4,1,1,13,15,6,9,HOME,FL1,https://upload.wikimedia.org/wikipedia/fr/thumb/4/43/Logo_Olympique_de_Marseille.svg/130px-Logo_Olympique_de_Marseille.svg.png,Marseille
4,Olympique Lyonnais,6,4,1,1,13,11,4,7,HOME,FL1,https://upload.wikimedia.org/wikipedia/fr/thumb/e/e2/Olympique_lyonnais_%28logo%29.svg/130px-Olympique_lyonnais_%28logo%29.svg,Olympique Lyon
5,Montpellier HSC,6,3,2,1,11,8,3,5,HOME,FL1,https://upload.wikimedia.org/wikipedia/commons/thumb/9/99/Montpellier_H%C3%A9rault_Sport_Club_%28logo%2C_2000%29.svg/130px-Montpellier_H%C3%A9rault_Sport_Club_%28logo%2C_2000%29.svg,Montpellier
6,AS Saint-Étienne,5,3,2,0,11,7,3,4,HOME,FL1,https://upload.wikimedia.org/wikipedia/commons/thumb/2/2c/Logo_AS_Saint-%C3%89tienne.svg/130px-Logo_AS_Saint-%C3%89tienne.svg.png,Saint-Étienne
7,RC Strasbourg Alsace,5,3,1,1,10,11,6,5,HOME,FL1,https://upload.wikimedia.org/wikipedia/fr/thumb/1/1a/Racing_Club_de_Strasbourg_Alsace_%28RCSA%29_logo.svg/130px-Racing_Club_de_Strasbourg_Alsace_%28RCSA%29_logo.svg,RC Strasbourg
8,FC Girondins de Bordeaux,6,3,1,2,10,9,7,2,HOME,FL1,https://upload.wikimedia.org/wikipedia/fr/thumb/7/76/Logo_des_Girondins_de_Bordeaux.svg/130px-Logo_des_Girondins_de_Bordeaux.svg,Bordeaux
9,Amiens SC,6,3,0,3,9,11,9,2,HOME,FL1,https://upload.wikimedia.org/wikipedia/fr/thumb/e/ec/Logo_Amiens_SC_1998.svg/130px-Logo_Amiens_SC_1998.svg,Amiens SC
10,Toulouse FC,6,2,2,2,8,7,9,-2,HOME,FL1,https://upload.wikimedia.org/wikipedia/fr/thumb/8/8b/Logo_Toulouse_FC_2018.svg/600px-Logo_Toulouse_FC_2018.svg,Toulouse FC
11,SM Caen,5,1,4,0,7,6,5,1,HOME,FL1,https://upload.wikimedia.org/wikipedia/fr/thumb/7/79/Logo_SM_Caen_2016.svg/130px-Logo_SM_Caen_2016.svg,SM Caen
12,Stade Rennais FC 1901,5,2,1,2,7,5,6,-1,HOME,FL1,https://upload.wikimedia.org/wikipedia/fr/thumb/e/e9/Logo_Stade_Rennais_FC.svg/130px-Logo_Stade_Rennais_FC.svg,Stade Rennes
13,Nîmes Olympique,5,1,3,1,6,6,6,0,HOME,FL1,https://upload.wikimedia.org/wikipedia/fr/thumb/f/f0/N%C3%AEmes_Olympique_logo_2018.svg/130px-N%C3%AEmes_Olympique_logo_2018.svg,Nîmes Ol.
14,Stade de Reims,5,1,3,1,6,2,2,0,HOME,FL1,https://upload.wikimedia.org/wikipedia/fr/thumb/0/0e/Stade_Reims_1999.svg/130px-Stade_Reims_1999.svg,Stade de Reims
15,FC Nantes,5,1,2,2,5,7,6,1,HOME,FL1,https://upload.wikimedia.org/wikipedia/fr/thumb/2/21/Logo_FC_Nantes_2008.svg/130px-Logo_FC_Nantes_2008.svg,FC Nantes
16,Angers SCO,6,1,2,3,5,7,9,-2,HOME,FL1,https://upload.wikimedia.org/wikipedia/fr/thumb/3/34/Logo_SCO_Angers.svg/130px-Logo_SCO_Angers.svg,Angers SCO
17,AS Monaco FC,6,0,3,3,3,6,9,-3,HOME,FL1,https://upload.wikimedia.org/wikipedia/fr/thumb/b/ba/AS_Monaco_FC.svg/130px-AS_Monaco_FC.svg,AS Monaco
18,Dijon Football Côte d'Or,5,1,0,4,3,4,10,-6,HOME,FL1,https://upload.wikimedia.org/wikipedia/fr/thumb/c/c9/LogoDFCO.svg/130px-LogoDFCO.svg,Dijon FCO
19,OGC de Nice Côte d'Azur,5,1,0,4,3,2,10,-8,HOME,FL1,https://upload.wikimedia.org/wikipedia/fr/thumb/b/b1/Logo_OGC_Nice_2013.svg/130px-Logo_OGC_Nice_2013.svg,OGC Nice
20,En Avant Guingamp,5,0,2,3,2,5,10,-5,HOME,FL1,https://upload.wikimedia.org/wikipedia/fr/thumb/9/99/En_Avant_de_Guingamp_logo.svg/130px-En_Avant_de_Guingamp_logo.svg,EA Guingamp
1,Paris Saint-Germain FC,5,5,0,0,15,15,4,11,AWAY,FL1,https://upload.wikimedia.org/wikipedia/fr/thumb/8/86/Paris_Saint-Germain_Logo.svg/130px-Paris_Saint-Germain_Logo.svg,PSG
2,Montpellier HSC,5,3,2,0,11,9,4,5,AWAY,FL1,https://upload.wikimedia.org/wikipedia/commons/thumb/9/99/Montpellier_H%C3%A9rault_Sport_Club_%28logo%2C_2000%29.svg/130px-Montpellier_H%C3%A9rault_Sport_Club_%28logo%2C_2000%29.svg,Montpellier
3,OGC de Nice Côte d'Azur,6,3,2,1,11,6,4,2,AWAY,FL1,https://upload.wikimedia.org/wikipedia/fr/thumb/b/b1/Logo_OGC_Nice_2013.svg/130px-Logo_OGC_Nice_2013.svg,OGC Nice
4,Dijon Football Côte d'Or,6,2,2,2,8,8,7,1,AWAY,FL1,https://upload.wikimedia.org/wikipedia/fr/thumb/c/c9/LogoDFCO.svg/130px-LogoDFCO.svg,Dijon FCO
5,Stade de Reims,6,2,2,2,8,5,8,-3,AWAY,FL1,https://upload.wikimedia.org/wikipedia/fr/thumb/0/0e/Stade_Reims_1999.svg/130px-Stade_Reims_1999.svg,Stade de Reims
6,Angers SCO,5,2,1,2,7,6,6,0,AWAY,FL1,https://upload.wikimedia.org/wikipedia/fr/thumb/3/34/Logo_SCO_Angers.svg/130px-Logo_SCO_Angers.svg,Angers SCO
7,Lille OSC,5,2,1,2,7,5,5,0,AWAY,FL1,https://upload.wikimedia.org/wikipedia/fr/thumb/6/62/Logo_LOSC_Lille_2018.svg/130px-Logo_LOSC_Lille_2018.svg,Lille OSC
8,Olympique Lyonnais,5,2,1,2,7,7,9,-2,AWAY,FL1,https://upload.wikimedia.org/wikipedia/fr/thumb/e/e2/Olympique_lyonnais_%28logo%29.svg/130px-Olympique_lyonnais_%28logo%29.svg,Olympique Lyon
9,FC Nantes,6,2,1,3,7,7,11,-4,AWAY,FL1,https://upload.wikimedia.org/wikipedia/fr/thumb/2/21/Logo_FC_Nantes_2008.svg/130px-Logo_FC_Nantes_2008.svg,FC Nantes
10,RC Strasbourg Alsace,6,1,3,2,6,8,9,-1,AWAY,FL1,https://upload.wikimedia.org/wikipedia/fr/thumb/1/1a/Racing_Club_de_Strasbourg_Alsace_%28RCSA%29_logo.svg/130px-Racing_Club_de_Strasbourg_Alsace_%28RCSA%29_logo.svg,RC Strasbourg
11,Olympique de Marseille,5,2,0,3,6,7,12,-5,AWAY,FL1,https://upload.wikimedia.org/wikipedia/fr/thumb/4/43/Logo_Olympique_de_Marseille.svg/130px-Logo_Olympique_de_Marseille.svg.png,Marseille
12,AS Saint-Étienne,6,1,3,2,6,6,11,-5,AWAY,FL1,https://upload.wikimedia.org/wikipedia/commons/thumb/2/2c/Logo_AS_Saint-%C3%89tienne.svg/130px-Logo_AS_Saint-%C3%89tienne.svg.png,Saint-Étienne
13,Stade Rennais FC 1901,6,1,2,3,5,8,11,-3,AWAY,FL1,https://upload.wikimedia.org/wikipedia/fr/thumb/e/e9/Logo_Stade_Rennais_FC.svg/130px-Logo_Stade_Rennais_FC.svg,Stade Rennes
14,Nîmes Olympique,6,1,2,3,5,8,13,-5,AWAY,FL1,https://upload.wikimedia.org/wikipedia/fr/thumb/f/f0/N%C3%AEmes_Olympique_logo_2018.svg/130px-N%C3%AEmes_Olympique_logo_2018.svg,Nîmes Ol.
15,Toulouse FC,5,1,2,2,5,3,10,-7,AWAY,FL1,https://upload.wikimedia.org/wikipedia/fr/thumb/8/8b/Logo_Toulouse_FC_2018.svg/600px-Logo_Toulouse_FC_2018.svg,Toulouse FC
16,En Avant Guingamp,6,1,2,3,5,2,9,-7,AWAY,FL1,https://upload.wikimedia.org/wikipedia/fr/thumb/9/99/En_Avant_de_Guingamp_logo.svg/130px-En_Avant_de_Guingamp_logo.svg,EA Guingamp
17,AS Monaco FC,5,1,1,3,4,6,8,-2,AWAY,FL1,https://upload.wikimedia.org/wikipedia/fr/thumb/b/ba/AS_Monaco_FC.svg/130px-AS_Monaco_FC.svg,AS Monaco
18,FC Girondins de Bordeaux,5,1,1,3,4,4,7,-3,AWAY,FL1,https://upload.wikimedia.org/wikipedia/fr/thumb/7/76/Logo_des_Girondins_de_Bordeaux.svg/130px-Logo_des_Girondins_de_Bordeaux.svg,Bordeaux
19,SM Caen,6,1,1,4,4,4,9,-5,AWAY,FL1,https://upload.wikimedia.org/wikipedia/fr/thumb/7/79/Logo_SM_Caen_2016.svg/130px-Logo_SM_Caen_2016.svg,SM Caen
20,Amiens SC,5,0,1,4,1,1,11,-10,AWAY,FL1,https://upload.wikimedia.org/wikipedia/fr/thumb/e/ec/Logo_Amiens_SC_1998.svg/130px-Logo_Amiens_SC_1998.svg,Amiens SC
1,Juventus FC,10,9,1,0,28,21,7,14,TOTAL,SA,http://upload.wikimedia.org/wikipedia/de/d/d2/Juventus_Turin.svg,Juventus
2,SSC Napoli,10,7,1,2,22,19,11,8,TOTAL,SA,http://upload.wikimedia.org/wikipedia/commons/2/28/S.S.C._Napoli_logo.svg,Napoli
3,FC Internazionale Milano,9,6,1,2,19,13,6,7,TOTAL,SA,https://upload.wikimedia.org/wikipedia/en/thumb/0/0b/Inter_Milan.svg/316px-Inter_Milan.svg,Inter
4,SS Lazio,9,6,0,3,18,13,9,4,TOTAL,SA,http://upload.wikimedia.org/wikipedia/de/thumb/4/47/Lazio_Rom.svg/500px-Lazio_Rom.svg.png,Lazio
5,AC Milan,9,4,3,2,15,18,13,5,TOTAL,SA,http://upload.wikimedia.org/wikipedia/de/9/9e/AC_Mailand_Logo.svg,Milan
6,UC Sampdoria,10,4,3,3,15,14,7,7,TOTAL,SA,,Sampdoria
7,ACF Fiorentina,10,4,3,3,15,16,8,8,TOTAL,SA,https://upload.wikimedia.org/wikipedia/en/thumb/b/ba/ACF_Fiorentina_2.svg/261px-ACF_Fiorentina_2.svg,Fiorentina
8,US Sassuolo Calcio,10,4,3,3,15,17,16,1,TOTAL,SA,http://upload.wikimedia.org/wikipedia/de/a/a3/US_Sassuolo_Calcio.svg,Sassuolo
9,AS Roma,10,4,3,3,15,17,13,4,TOTAL,SA,http://upload.wikimedia.org/wikipedia/de/3/32/AS_Rom.svg,Roma
10,Torino FC,10,3,5,2,14,12,12,0,TOTAL,SA,http://upload.wikimedia.org/wikipedia/de/2/2e/Torino_FC_Logo.svg,Torino
11,Genoa CFC,9,4,2,3,14,15,17,-2,TOTAL,SA,http://upload.wikimedia.org/wikipedia/de/7/76/Genoa_CFC.svg,Genoa
12,Parma Calcio 1913,10,4,1,5,13,10,14,-4,TOTAL,SA,http://upload.wikimedia.org/wikipedia/de/e/e2/FC_Parma.svg,Parma
13,Cagliari Calcio,10,3,4,3,13,9,11,-2,TOTAL,SA,http://upload.wikimedia.org/wikipedia/de/3/3d/Cagliari_Calcio.svg,Cagliari
14,SPAL 2013,10,4,0,6,12,8,13,-5,TOTAL,SA,,SPAL 2013
15,Atalanta BC,10,3,3,4,12,17,12,5,TOTAL,SA,http://upload.wikimedia.org/wikipedia/de/2/28/Atalanta_BC.svg,Atalanta
16,Bologna FC 1909,10,2,3,5,9,8,14,-6,TOTAL,SA,http://upload.wikimedia.org/wikipedia/de/9/92/FC_Bologna.svg,Bologna
17,Udinese Calcio,10,2,3,5,9,10,15,-5,TOTAL,SA,http://upload.wikimedia.org/wikipedia/de/b/b1/Udinese_Calcio.svg,Udinese
18,Empoli FC,10,1,3,6,6,9,15,-6,TOTAL,SA,http://upload.wikimedia.org/wikipedia/de/4/42/Logo_FC_Empoli.svg,Empoli
19,Frosinone Calcio,10,1,2,7,5,9,24,-15,TOTAL,SA,https://upload.wikimedia.org/wikipedia/it/c/c3/Frosinonestemma.png,Frosinone
20,AC Chievo Verona,10,0,2,8,-1,8,26,-18,TOTAL,SA,http://upload.wikimedia.org/wikipedia/de/3/3f/AC_Chievo_Verona.svg,Chievo
1,ACF Fiorentina,5,4,1,0,13,13,2,11,HOME,SA,https://upload.wikimedia.org/wikipedia/en/thumb/b/ba/ACF_Fiorentina_2.svg/261px-ACF_Fiorentina_2.svg,Fiorentina
2,Juventus FC,5,4,1,0,13,10,3,7,HOME,SA,http://upload.wikimedia.org/wikipedia/de/d/d2/Juventus_Turin.svg,Juventus
3,SSC Napoli,5,4,1,0,13,10,3,7,HOME,SA,http://upload.wikimedia.org/wikipedia/commons/2/28/S.S.C._Napoli_logo.svg,Napoli
4,AC Milan,4,3,1,0,10,10,6,4,HOME,SA,http://upload.wikimedia.org/wikipedia/de/9/9e/AC_Mailand_Logo.svg,Milan
5,FC Internazionale Milano,5,3,1,1,10,7,4,3,HOME,SA,https://upload.wikimedia.org/wikipedia/en/thumb/0/0b/Inter_Milan.svg/316px-Inter_Milan.svg,Inter
6,US Sassuolo Calcio,5,3,1,1,10,12,10,2,HOME,SA,http://upload.wikimedia.org/wikipedia/de/a/a3/US_Sassuolo_Calcio.svg,Sassuolo
7,Genoa CFC,5,3,1,1,10,8,6,2,HOME,SA,http://upload.wikimedia.org/wikipedia/de/7/76/Genoa_CFC.svg,Genoa
8,SS Lazio,4,3,0,1,9,7,3,4,HOME,SA,http://upload.wikimedia.org/wikipedia/de/thumb/4/47/Lazio_Rom.svg/500px-Lazio_Rom.svg.png,Lazio
9,Cagliari Calcio,5,2,3,0,9,7,4,3,HOME,SA,http://upload.wikimedia.org/wikipedia/de/3/3d/Cagliari_Calcio.svg,Cagliari
10,AS Roma,5,2,2,1,8,12,8,4,HOME,SA,http://upload.wikimedia.org/wikipedia/de/3/32/AS_Rom.svg,Roma
11,UC Sampdoria,5,2,2,1,8,6,3,3,HOME,SA,,Sampdoria
12,Atalanta BC,5,2,1,2,7,7,2,5,HOME,SA,http://upload.wikimedia.org/wikipedia/de/2/28/Atalanta_BC.svg,Atalanta
13,Parma Calcio 1913,5,2,1,2,7,6,6,0,HOME,SA,http://upload.wikimedia.org/wikipedia/de/e/e2/FC_Parma.svg,Parma
14,Torino FC,5,2,1,2,7,6,7,-1,HOME,SA,http://upload.wikimedia.org/wikipedia/de/2/2e/Torino_FC_Logo.svg,Torino
15,Bologna FC 1909,5,2,1,2,7,6,7,-1,HOME,SA,http://upload.wikimedia.org/wikipedia/de/9/92/FC_Bologna.svg,Bologna
16,SPAL 2013,5,2,0,3,6,4,7,-3,HOME,SA,,SPAL 2013
17,Empoli FC,5,1,1,3,4,4,6,-2,HOME,SA,http://upload.wikimedia.org/wikipedia/de/4/42/Logo_FC_Empoli.svg,Empoli
18,Udinese Calcio,5,1,1,3,4,3,8,-5,HOME,SA,http://upload.wikimedia.org/wikipedia/de/b/b1/Udinese_Calcio.svg,Udinese
19,Frosinone Calcio,5,0,2,3,2,4,12,-8,HOME,SA,https://upload.wikimedia.org/wikipedia/it/c/c3/Frosinonestemma.png,Frosinone
20,AC Chievo Verona,5,0,1,4,1,3,11,-8,HOME,SA,http://upload.wikimedia.org/wikipedia/de/3/3f/AC_Chievo_Verona.svg,Chievo
1,Juventus FC,5,5,0,0,15,11,4,7,AWAY,SA,http://upload.wikimedia.org/wikipedia/de/d/d2/Juventus_Turin.svg,Juventus
2,FC Internazionale Milano,4,3,0,1,9,6,2,4,AWAY,SA,https://upload.wikimedia.org/wikipedia/en/thumb/0/0b/Inter_Milan.svg/316px-Inter_Milan.svg,Inter
3,SSC Napoli,5,3,0,2,9,9,8,1,AWAY,SA,http://upload.wikimedia.org/wikipedia/commons/2/28/S.S.C._Napoli_logo.svg,Napoli
4,SS Lazio,5,3,0,2,9,6,6,0,AWAY,SA,http://upload.wikimedia.org/wikipedia/de/thumb/4/47/Lazio_Rom.svg/500px-Lazio_Rom.svg.png,Lazio
5,UC Sampdoria,5,2,1,2,7,8,4,4,AWAY,SA,,Sampdoria
6,Torino FC,5,1,4,0,7,6,5,1,AWAY,SA,http://upload.wikimedia.org/wikipedia/de/2/2e/Torino_FC_Logo.svg,Torino
7,AS Roma,5,2,1,2,7,5,5,0,AWAY,SA,http://upload.wikimedia.org/wikipedia/de/3/32/AS_Rom.svg,Roma
8,SPAL 2013,5,2,0,3,6,4,6,-2,AWAY,SA,,SPAL 2013
9,Parma Calcio 1913,5,2,0,3,6,4,8,-4,AWAY,SA,http://upload.wikimedia.org/wikipedia/de/e/e2/FC_Parma.svg,Parma
10,AC Milan,5,1,2,2,5,8,7,1,AWAY,SA,http://upload.wikimedia.org/wikipedia/de/9/9e/AC_Mailand_Logo.svg,Milan
11,Atalanta BC,5,1,2,2,5,10,10,0,AWAY,SA,http://upload.wikimedia.org/wikipedia/de/2/28/Atalanta_BC.svg,Atalanta
12,Udinese Calcio,5,1,2,2,5,7,7,0,AWAY,SA,http://upload.wikimedia.org/wikipedia/de/b/b1/Udinese_Calcio.svg,Udinese
13,US Sassuolo Calcio,5,1,2,2,5,5,6,-1,AWAY,SA,http://upload.wikimedia.org/wikipedia/de/a/a3/US_Sassuolo_Calcio.svg,Sassuolo
14,Genoa CFC,4,1,1,2,4,7,11,-4,AWAY,SA,http://upload.wikimedia.org/wikipedia/de/7/76/Genoa_CFC.svg,Genoa
15,Cagliari Calcio,5,1,1,3,4,2,7,-5,AWAY,SA,http://upload.wikimedia.org/wikipedia/de/3/3d/Cagliari_Calcio.svg,Cagliari
16,Frosinone Calcio,5,1,0,4,3,5,12,-7,AWAY,SA,https://upload.wikimedia.org/wikipedia/it/c/c3/Frosinonestemma.png,Frosinone
17,ACF Fiorentina,5,0,2,3,2,3,6,-3,AWAY,SA,https://upload.wikimedia.org/wikipedia/en/thumb/b/ba/ACF_Fiorentina_2.svg/261px-ACF_Fiorentina_2.svg,Fiorentina
18,Empoli FC,5,0,2,3,2,5,9,-4,AWAY,SA,http://upload.wikimedia.org/wikipedia/de/4/42/Logo_FC_Empoli.svg,Empoli
19,Bologna FC 1909,5,0,2,3,2,2,7,-5,AWAY,SA,http://upload.wikimedia.org/wikipedia/de/9/92/FC_Bologna.svg,Bologna
20,AC Chievo Verona,5,0,1,4,1,5,15,-10,AWAY,SA,http://upload.wikimedia.org/wikipedia/de/3/3f/AC_Chievo_Verona.svg,Chievo
1,FC Barcelona,10,6,3,1,21,28,12,16,TOTAL,PD,http://upload.wikimedia.org/wikipedia/de/a/aa/Fc_barcelona.svg,Barcelona
2,Deportivo Alavés,10,6,2,2,20,14,9,5,TOTAL,PD,http://upload.wikimedia.org/wikipedia/en/2/2e/Deportivo_Alaves_logo.svg,Alavés
3,Sevilla FC,10,6,1,3,19,22,13,9,TOTAL,PD,http://upload.wikimedia.org/wikipedia/en/8/86/Sevilla_cf_200px.png,Sevilla
4,Club Atlético de Madrid,10,5,4,1,19,12,5,7,TOTAL,PD,http://upload.wikimedia.org/wikipedia/de/c/c1/Atletico_Madrid_logo.svg,Club Atlético
5,RCD Espanyol de Barcelona,10,5,3,2,18,14,8,6,TOTAL,PD,http://upload.wikimedia.org/wikipedia/de/a/a7/RCD_Espanyol_De_Barcelona.svg,Espanyol
6,Real Valladolid CF,10,4,4,2,16,9,7,2,TOTAL,PD,http://upload.wikimedia.org/wikipedia/de/6/6e/Real_Valladolid_Logo.svg,Valladolid
7,Levante UD,10,5,1,4,16,16,15,1,TOTAL,PD,http://upload.wikimedia.org/wikipedia/de/1/1f/Levante_ud.svg,Levante
8,Getafe CF,10,4,3,3,15,10,8,2,TOTAL,PD,https://upload.wikimedia.org/wikipedia/en/7/7f/Getafe_logo.png,Getafe
9,Real Madrid CF,10,4,2,4,14,14,14,0,TOTAL,PD,http://upload.wikimedia.org/wikipedia/de/3/3f/Real_Madrid_Logo.svg,Real Madrid
10,Girona FC,10,3,4,3,13,12,14,-2,TOTAL,PD,http://upload.wikimedia.org/wikipedia/en/9/90/For_article_Girona_FC.svg,Girona FC
11,RC Celta de Vigo,10,3,4,3,13,17,13,4,TOTAL,PD,http://upload.wikimedia.org/wikipedia/de/0/0c/Celta_Vigo.svg,Celta Vigo
12,Real Sociedad de Fútbol,10,3,3,4,12,12,13,-1,TOTAL,PD,http://upload.wikimedia.org/wikipedia/de/5/55/Real_Sociedad_San_Sebasti%C3%A1n.svg,Real Sociedad
13,Real Betis Balompié,10,3,3,4,12,5,9,-4,TOTAL,PD,http://upload.wikimedia.org/wikipedia/de/4/43/Real_Betis.svg,Real Betis
14,Valencia CF,10,1,8,1,11,7,8,-1,TOTAL,PD,http://upload.wikimedia.org/wikipedia/de/7/75/FC_Valencia.svg,Valencia
15,SD Eibar,10,3,2,5,11,10,17,-7,TOTAL,PD,http://upload.wikimedia.org/wikipedia/en/7/75/SD_Eibar_logo.svg,Eibar
16,Athletic Club,10,1,7,2,10,11,15,-4,TOTAL,PD,http://upload.wikimedia.org/wikipedia/de/7/7f/Athletic_Club_Bilbao.svg,Athletic Club
17,Villarreal CF,10,2,3,5,9,8,10,-2,TOTAL,PD,http://upload.wikimedia.org/wikipedia/de/7/70/Villarreal_CF_logo.svg,Villarreal
18,CD Leganés,10,2,2,6,8,8,15,-7,TOTAL,PD,http://upload.wikimedia.org/wikipedia/en/thumb/0/02/Club_Deportivo_Legan%C3%A9s.png/180px-Club_Deportivo_Legan%C3%A9s.png,Leganés
19,Rayo Vallecano de Madrid,10,1,3,6,6,10,20,-10,TOTAL,PD,http://upload.wikimedia.org/wikipedia/de/1/12/Rayo_vallecano_madrid.svg,Rayo Vallecano
20,SD Huesca,10,1,2,7,5,8,22,-14,TOTAL,PD,https://upload.wikimedia.org/wikipedia/en/1/11/Sd_huesca.png,Huesca
1,FC Barcelona,6,4,2,0,14,23,8,15,HOME,PD,http://upload.wikimedia.org/wikipedia/de/a/aa/Fc_barcelona.svg,Barcelona
2,Club Atlético de Madrid,5,4,1,0,13,8,1,7,HOME,PD,http://upload.wikimedia.org/wikipedia/de/c/c1/Atletico_Madrid_logo.svg,Club Atlético
3,RCD Espanyol de Barcelona,4,4,0,0,12,7,1,6,HOME,PD,http://upload.wikimedia.org/wikipedia/de/a/a7/RCD_Espanyol_De_Barcelona.svg,Espanyol
4,Deportivo Alavés,5,3,2,0,11,6,3,3,HOME,PD,http://upload.wikimedia.org/wikipedia/en/2/2e/Deportivo_Alaves_logo.svg,Alavés
5,Real Madrid CF,5,3,1,1,10,8,3,5,HOME,PD,http://upload.wikimedia.org/wikipedia/de/3/3f/Real_Madrid_Logo.svg,Real Madrid
6,Sevilla FC,5,3,1,1,10,7,4,3,HOME,PD,http://upload.wikimedia.org/wikipedia/en/8/86/Sevilla_cf_200px.png,Sevilla
7,RC Celta de Vigo,6,2,3,1,9,11,6,5,HOME,PD,http://upload.wikimedia.org/wikipedia/de/0/0c/Celta_Vigo.svg,Celta Vigo
8,CD Leganés,4,2,1,1,7,5,4,1,HOME,PD,http://upload.wikimedia.org/wikipedia/en/thumb/0/02/Club_Deportivo_Legan%C3%A9s.png/180px-Club_Deportivo_Legan%C3%A9s.png,Leganés
9,Getafe CF,5,2,1,2,7,4,3,1,HOME,PD,https://upload.wikimedia.org/wikipedia/en/7/7f/Getafe_logo.png,Getafe
10,Real Valladolid CF,5,2,1,2,7,4,4,0,HOME,PD,http://upload.wikimedia.org/wikipedia/de/6/6e/Real_Valladolid_Logo.svg,Valladolid
11,SD Eibar,5,2,1,2,7,6,7,-1,HOME,PD,http://upload.wikimedia.org/wikipedia/en/7/75/SD_Eibar_logo.svg,Eibar
12,Levante UD,5,2,1,2,7,9,11,-2,HOME,PD,http://upload.wikimedia.org/wikipedia/de/1/1f/Levante_ud.svg,Levante
13,Real Betis Balompié,5,2,1,2,7,4,6,-2,HOME,PD,http://upload.wikimedia.org/wikipedia/de/4/43/Real_Betis.svg,Real Betis
14,Girona FC,6,2,1,3,7,8,11,-3,HOME,PD,http://upload.wikimedia.org/wikipedia/en/9/90/For_article_Girona_FC.svg,Girona FC
15,Athletic Club,6,1,3,2,6,6,10,-4,HOME,PD,http://upload.wikimedia.org/wikipedia/de/7/7f/Athletic_Club_Bilbao.svg,Athletic Club
16,Valencia CF,5,0,5,0,5,4,4,0,HOME,PD,http://upload.wikimedia.org/wikipedia/de/7/75/FC_Valencia.svg,Valencia
17,Real Sociedad de Fútbol,4,0,2,2,2,3,5,-2,HOME,PD,http://upload.wikimedia.org/wikipedia/de/5/55/Real_Sociedad_San_Sebasti%C3%A1n.svg,Real Sociedad
18,Villarreal CF,5,0,2,3,2,2,5,-3,HOME,PD,http://upload.wikimedia.org/wikipedia/de/7/70/Villarreal_CF_logo.svg,Villarreal
19,Rayo Vallecano de Madrid,5,0,2,3,2,6,14,-8,HOME,PD,http://upload.wikimedia.org/wikipedia/de/1/12/Rayo_vallecano_madrid.svg,Rayo Vallecano
20,SD Huesca,4,0,1,3,1,1,5,-4,HOME,PD,https://upload.wikimedia.org/wikipedia/en/1/11/Sd_huesca.png,Huesca
1,Real Sociedad de Fútbol,6,3,1,2,10,9,8,1,AWAY,PD,http://upload.wikimedia.org/wikipedia/de/5/55/Real_Sociedad_San_Sebasti%C3%A1n.svg,Real Sociedad
2,Sevilla FC,5,3,0,2,9,15,9,6,AWAY,PD,http://upload.wikimedia.org/wikipedia/en/8/86/Sevilla_cf_200px.png,Sevilla
3,Levante UD,5,3,0,2,9,7,4,3,AWAY,PD,http://upload.wikimedia.org/wikipedia/de/1/1f/Levante_ud.svg,Levante
4,Deportivo Alavés,5,3,0,2,9,8,6,2,AWAY,PD,http://upload.wikimedia.org/wikipedia/en/2/2e/Deportivo_Alaves_logo.svg,Alavés
5,Real Valladolid CF,5,2,3,0,9,5,3,2,AWAY,PD,http://upload.wikimedia.org/wikipedia/de/6/6e/Real_Valladolid_Logo.svg,Valladolid
6,Getafe CF,5,2,2,1,8,6,5,1,AWAY,PD,https://upload.wikimedia.org/wikipedia/en/7/7f/Getafe_logo.png,Getafe
7,Villarreal CF,5,2,1,2,7,6,5,1,AWAY,PD,http://upload.wikimedia.org/wikipedia/de/7/70/Villarreal_CF_logo.svg,Villarreal
8,FC Barcelona,4,2,1,1,7,5,4,1,AWAY,PD,http://upload.wikimedia.org/wikipedia/de/a/aa/Fc_barcelona.svg,Barcelona
9,Girona FC,4,1,3,0,6,4,3,1,AWAY,PD,http://upload.wikimedia.org/wikipedia/en/9/90/For_article_Girona_FC.svg,Girona FC
10,RCD Espanyol de Barcelona,6,1,3,2,6,7,7,0,AWAY,PD,http://upload.wikimedia.org/wikipedia/de/a/a7/RCD_Espanyol_De_Barcelona.svg,Espanyol
11,Club Atlético de Madrid,5,1,3,1,6,4,4,0,AWAY,PD,http://upload.wikimedia.org/wikipedia/de/c/c1/Atletico_Madrid_logo.svg,Club Atlético
12,Valencia CF,5,1,3,1,6,3,4,-1,AWAY,PD,http://upload.wikimedia.org/wikipedia/de/7/75/FC_Valencia.svg,Valencia
13,Real Betis Balompié,5,1,2,2,5,1,3,-2,AWAY,PD,http://upload.wikimedia.org/wikipedia/de/4/43/Real_Betis.svg,Real Betis
14,Athletic Club,4,0,4,0,4,5,5,0,AWAY,PD,http://upload.wikimedia.org/wikipedia/de/7/7f/Athletic_Club_Bilbao.svg,Athletic Club
15,RC Celta de Vigo,4,1,1,2,4,6,7,-1,AWAY,PD,http://upload.wikimedia.org/wikipedia/de/0/0c/Celta_Vigo.svg,Celta Vigo
16,Rayo Vallecano de Madrid,5,1,1,3,4,4,6,-2,AWAY,PD,http://upload.wikimedia.org/wikipedia/de/1/12/Rayo_vallecano_madrid.svg,Rayo Vallecano
17,Real Madrid CF,5,1,1,3,4,6,11,-5,AWAY,PD,http://upload.wikimedia.org/wikipedia/de/3/3f/Real_Madrid_Logo.svg,Real Madrid
18,SD Eibar,5,1,1,3,4,4,10,-6,AWAY,PD,http://upload.wikimedia.org/wikipedia/en/7/75/SD_Eibar_logo.svg,Eibar
19,SD Huesca,6,1,1,4,4,7,17,-10,AWAY,PD,https://upload.wikimedia.org/wikipedia/en/1/11/Sd_huesca.png,Huesca
20,CD Leganés,6,0,1,5,1,3,11,-8,AWAY,PD,http://upload.wikimedia.org/wikipedia/en/thumb/0/02/Club_Deportivo_Legan%C3%A9s.png/180px-Club_Deportivo_Legan%C3%A9s.png,Leganés
